-0.0,-5.3029990893763284,0.0,-1.0294927121936048,0.0,0.0,8.007868612019692,0.62155014929364438,8.2626438114416896,-0.0,-11.039271616454458,-0.0,-0.0,-0.17079905514319549,10.433953197793482,0.0,-0.0,-0.0,-2.5094991050623161,-5.1581584207167257,0.0,0.0,6.4692073662355529,-12.264660859348146,-0.0,-12.564811083584704,11.085420526452713,0.0,0.0,0.0,-3.0618450020159793,0.98845735639016885,0.0,12.875275794221038,-0.0,0.0,-0.080068514869434004,-5.9751128228412975,5.732251289790474,0.27180351204775066,5.5868144682685781,-0.0,7.2121986363684352,0.96892268926038216,-0.0,2.7941104082557264,0.0,1.5736860776327495,-0.0,10.357731138528381,-4.3032272413905845,6.1373798608637706,-0.0,-2.3985721756987131,-0.0,-0.0,-1.427567108627914,-4.3412192728039134,0.0,4.1850634154474999,-0.87918778837568445,2.5808188136532966,-1.8928682870519031,8.4076535135393158,-14.496410244890525,-4.2485025084252976,0.0,1.6737050879369217,0.0,-1.8771428211574275,-0.0,0.0,0.0,-0.0,0.0,0.0,-0.9101503334274943,-0.68137664958125921,-0.0,0.0,-1.870910350967534,-2.9364193287171823,-0.0,0.0,-1.579274097051472,0.0,-8.5239517423222253,0.0,-0.0,-0.0,4.9544796613991204,8.1138287161353997,-5.1069448629135135,-10.41010682529804,0.0,-1.8236304969314414,-4.10073241320167,-4.9158766410848758,-2.3782547302727428,8.7520612125552013
0.0,5.3029990893763284,-0.0,1.0294927121936048,-0.0,-0.0,-8.007868612019692,-0.62155014929364438,-8.2626438114416896,0.0,11.039271616454458,0.0,0.0,0.17079905514319549,-10.433953197793482,-0.0,0.0,0.0,2.5094991050623161,5.1581584207167257,-0.0,-0.0,-6.4692073662355529,12.264660859348146,0.0,12.564811083584704,-11.085420526452713,-0.0,-0.0,-0.0,3.0618450020159793,-0.98845735639016885,-0.0,-12.875275794221038,0.0,-0.0,0.080068514869434004,5.9751128228412975,-5.732251289790474,-0.27180351204775066,-5.5868144682685781,0.0,-7.2121986363684352,-0.96892268926038216,0.0,-2.7941104082557264,-0.0,-1.5736860776327495,0.0,-10.357731138528381,4.3032272413905845,-6.1373798608637706,0.0,2.3985721756987131,0.0,0.0,1.427567108627914,4.3412192728039134,-0.0,-4.1850634154474999,0.87918778837568445,-2.5808188136532966,1.8928682870519031,-8.4076535135393158,14.496410244890525,4.2485025084252976,-0.0,-1.6737050879369217,-0.0,1.8771428211574275,0.0,-0.0,-0.0,0.0,-0.0,-0.0,0.9101503334274943,0.68137664958125921,0.0,-0.0,1.870910350967534,2.9364193287171823,0.0,-0.0,1.579274097051472,-0.0,8.5239517423222253,-0.0,0.0,0.0,-4.9544796613991204,-8.1138287161353997,5.1069448629135135,10.41010682529804,-0.0,1.8236304969314414,4.10073241320167,4.9158766410848758,2.3782547302727428,-8.7520612125552013
0.0,5.3029990893763284,-0.0,1.0294927121936048,-0.0,-0.0,-8.007868612019692,-0.62155014929364438,-8.2626438114416896,0.0,11.039271616454458,0.0,0.0,0.17079905514319549,-10.433953197793482,-0.0,0.0,0.0,2.5094991050623161,5.1581584207167257,-0.0,-0.0,-6.4692073662355529,12.264660859348146,0.0,12.564811083584704,-11.085420526452713,-0.0,-0.0,-0.0,3.0618450020159793,-0.98845735639016885,-0.0,-12.875275794221038,0.0,-0.0,0.080068514869434004,5.9751128228412975,-5.732251289790474,-0.27180351204775066,-5.5868144682685781,0.0,-7.2121986363684352,-0.96892268926038216,0.0,-2.7941104082557264,-0.0,-1.5736860776327495,0.0,-10.357731138528381,4.3032272413905845,-6.1373798608637706,0.0,2.3985721756987131,0.0,0.0,1.427567108627914,4.3412192728039134,-0.0,-4.1850634154474999,0.87918778837568445,-2.5808188136532966,1.8928682870519031,-8.4076535135393158,14.496410244890525,4.2485025084252976,-0.0,-1.6737050879369217,-0.0,1.8771428211574275,0.0,-0.0,-0.0,0.0,-0.0,-0.0,0.9101503334274943,0.68137664958125921,0.0,-0.0,1.870910350967534,2.9364193287171823,0.0,-0.0,1.579274097051472,-0.0,8.5239517423222253,-0.0,0.0,0.0,-4.9544796613991204,-8.1138287161353997,5.1069448629135135,10.41010682529804,-0.0,1.8236304969314414,4.10073241320167,4.9158766410848758,2.3782547302727428,-8.7520612125552013
0.0,5.3029990893763284,-0.0,1.0294927121936048,-0.0,-0.0,-8.007868612019692,-0.62155014929364438,-8.2626438114416896,0.0,11.039271616454458,0.0,0.0,0.17079905514319549,-10.433953197793482,-0.0,0.0,0.0,2.5094991050623161,5.1581584207167257,-0.0,-0.0,-6.4692073662355529,12.264660859348146,0.0,12.564811083584704,-11.085420526452713,-0.0,-0.0,-0.0,3.0618450020159793,-0.98845735639016885,-0.0,-12.875275794221038,0.0,-0.0,0.080068514869434004,5.9751128228412975,-5.732251289790474,-0.27180351204775066,-5.5868144682685781,0.0,-7.2121986363684352,-0.96892268926038216,0.0,-2.7941104082557264,-0.0,-1.5736860776327495,0.0,-10.357731138528381,4.3032272413905845,-6.1373798608637706,0.0,2.3985721756987131,0.0,0.0,1.427567108627914,4.3412192728039134,-0.0,-4.1850634154474999,0.87918778837568445,-2.5808188136532966,1.8928682870519031,-8.4076535135393158,14.496410244890525,4.2485025084252976,-0.0,-1.6737050879369217,-0.0,1.8771428211574275,0.0,-0.0,-0.0,0.0,-0.0,-0.0,0.9101503334274943,0.68137664958125921,0.0,-0.0,1.870910350967534,2.9364193287171823,0.0,-0.0,1.579274097051472,-0.0,8.5239517423222253,-0.0,0.0,0.0,-4.9544796613991204,-8.1138287161353997,5.1069448629135135,10.41010682529804,-0.0,1.8236304969314414,4.10073241320167,4.9158766410848758,2.3782547302727428,-8.7520612125552013
-0.0,-5.3029990893763284,0.0,-1.0294927121936048,0.0,0.0,8.007868612019692,0.62155014929364438,8.2626438114416896,-0.0,-11.039271616454458,-0.0,-0.0,-0.17079905514319549,10.433953197793482,0.0,-0.0,-0.0,-2.5094991050623161,-5.1581584207167257,0.0,0.0,6.4692073662355529,-12.264660859348146,-0.0,-12.564811083584704,11.085420526452713,0.0,0.0,0.0,-3.0618450020159793,0.98845735639016885,0.0,12.875275794221038,-0.0,0.0,-0.080068514869434004,-5.9751128228412975,5.732251289790474,0.27180351204775066,5.5868144682685781,-0.0,7.2121986363684352,0.96892268926038216,-0.0,2.7941104082557264,0.0,1.5736860776327495,-0.0,10.357731138528381,-4.3032272413905845,6.1373798608637706,-0.0,-2.3985721756987131,-0.0,-0.0,-1.427567108627914,-4.3412192728039134,0.0,4.1850634154474999,-0.87918778837568445,2.5808188136532966,-1.8928682870519031,8.4076535135393158,-14.496410244890525,-4.2485025084252976,0.0,1.6737050879369217,0.0,-1.8771428211574275,-0.0,0.0,0.0,-0.0,0.0,0.0,-0.9101503334274943,-0.68137664958125921,-0.0,0.0,-1.870910350967534,-2.9364193287171823,-0.0,0.0,-1.579274097051472,0.0,-8.5239517423222253,0.0,-0.0,-0.0,4.9544796613991204,8.1138287161353997,-5.1069448629135135,-10.41010682529804,0.0,-1.8236304969314414,-4.10073241320167,-4.9158766410848758,-2.3782547302727428,8.7520612125552013
-0.0,-5.3029990893763284,0.0,-1.0294927121936048,0.0,0.0,8.007868612019692,0.62155014929364438,8.2626438114416896,-0.0,-11.039271616454458,-0.0,-0.0,-0.17079905514319549,10.433953197793482,0.0,-0.0,-0.0,-2.5094991050623161,-5.1581584207167257,0.0,0.0,6.4692073662355529,-12.264660859348146,-0.0,-12.564811083584704,11.085420526452713,0.0,0.0,0.0,-3.0618450020159793,0.98845735639016885,0.0,12.875275794221038,-0.0,0.0,-0.080068514869434004,-5.9751128228412975,5.732251289790474,0.27180351204775066,5.5868144682685781,-0.0,7.2121986363684352,0.96892268926038216,-0.0,2.7941104082557264,0.0,1.5736860776327495,-0.0,10.357731138528381,-4.3032272413905845,6.1373798608637706,-0.0,-2.3985721756987131,-0.0,-0.0,-1.427567108627914,-4.3412192728039134,0.0,4.1850634154474999,-0.87918778837568445,2.5808188136532966,-1.8928682870519031,8.4076535135393158,-14.496410244890525,-4.2485025084252976,0.0,1.6737050879369217,0.0,-1.8771428211574275,-0.0,0.0,0.0,-0.0,0.0,0.0,-0.9101503334274943,-0.68137664958125921,-0.0,0.0,-1.870910350967534,-2.9364193287171823,-0.0,0.0,-1.579274097051472,0.0,-8.5239517423222253,0.0,-0.0,-0.0,4.9544796613991204,8.1138287161353997,-5.1069448629135135,-10.41010682529804,0.0,-1.8236304969314414,-4.10073241320167,-4.9158766410848758,-2.3782547302727428,8.7520612125552013
0.0,5.3029990893763284,-0.0,1.0294927121936048,-0.0,-0.0,-8.007868612019692,-0.62155014929364438,-8.2626438114416896,0.0,11.039271616454458,0.0,0.0,0.17079905514319549,-10.433953197793482,-0.0,0.0,0.0,2.5094991050623161,5.1581584207167257,-0.0,-0.0,-6.4692073662355529,12.264660859348146,0.0,12.564811083584704,-11.085420526452713,-0.0,-0.0,-0.0,3.0618450020159793,-0.98845735639016885,-0.0,-12.875275794221038,0.0,-0.0,0.080068514869434004,5.9751128228412975,-5.732251289790474,-0.27180351204775066,-5.5868144682685781,0.0,-7.2121986363684352,-0.96892268926038216,0.0,-2.7941104082557264,-0.0,-1.5736860776327495,0.0,-10.357731138528381,4.3032272413905845,-6.1373798608637706,0.0,2.3985721756987131,0.0,0.0,1.427567108627914,4.3412192728039134,-0.0,-4.1850634154474999,0.87918778837568445,-2.5808188136532966,1.8928682870519031,-8.4076535135393158,14.496410244890525,4.2485025084252976,-0.0,-1.6737050879369217,-0.0,1.8771428211574275,0.0,-0.0,-0.0,0.0,-0.0,-0.0,0.9101503334274943,0.68137664958125921,0.0,-0.0,1.870910350967534,2.9364193287171823,0.0,-0.0,1.579274097051472,-0.0,8.5239517423222253,-0.0,0.0,0.0,-4.9544796613991204,-8.1138287161353997,5.1069448629135135,10.41010682529804,-0.0,1.8236304969314414,4.10073241320167,4.9158766410848758,2.3782547302727428,-8.7520612125552013
-0.0,-5.3029990893763284,0.0,-1.0294927121936048,0.0,0.0,8.007868612019692,0.62155014929364438,8.2626438114416896,-0.0,-11.039271616454458,-0.0,-0.0,-0.17079905514319549,10.433953197793482,0.0,-0.0,-0.0,-2.5094991050623161,-5.1581584207167257,0.0,0.0,6.4692073662355529,-12.264660859348146,-0.0,-12.564811083584704,11.085420526452713,0.0,0.0,0.0,-3.0618450020159793,0.98845735639016885,0.0,12.875275794221038,-0.0,0.0,-0.080068514869434004,-5.9751128228412975,5.732251289790474,0.27180351204775066,5.5868144682685781,-0.0,7.2121986363684352,0.96892268926038216,-0.0,2.7941104082557264,0.0,1.5736860776327495,-0.0,10.357731138528381,-4.3032272413905845,6.1373798608637706,-0.0,-2.3985721756987131,-0.0,-0.0,-1.427567108627914,-4.3412192728039134,0.0,4.1850634154474999,-0.87918778837568445,2.5808188136532966,-1.8928682870519031,8.4076535135393158,-14.496410244890525,-4.2485025084252976,0.0,1.6737050879369217,0.0,-1.8771428211574275,-0.0,0.0,0.0,-0.0,0.0,0.0,-0.9101503334274943,-0.68137664958125921,-0.0,0.0,-1.870910350967534,-2.9364193287171823,-0.0,0.0,-1.579274097051472,0.0,-8.5239517423222253,0.0,-0.0,-0.0,4.9544796613991204,8.1138287161353997,-5.1069448629135135,-10.41010682529804,0.0,-1.8236304969314414,-4.10073241320167,-4.9158766410848758,-2.3782547302727428,8.7520612125552013
0.0,5.3029990893763284,-0.0,1.0294927121936048,-0.0,-0.0,-8.007868612019692,-0.62155014929364438,-8.2626438114416896,0.0,11.039271616454458,0.0,0.0,0.17079905514319549,-10.433953197793482,-0.0,0.0,0.0,2.5094991050623161,5.1581584207167257,-0.0,-0.0,-6.4692073662355529,12.264660859348146,0.0,12.564811083584704,-11.085420526452713,-0.0,-0.0,-0.0,3.0618450020159793,-0.98845735639016885,-0.0,-12.875275794221038,0.0,-0.0,0.080068514869434004,5.9751128228412975,-5.732251289790474,-0.27180351204775066,-5.5868144682685781,0.0,-7.2121986363684352,-0.96892268926038216,0.0,-2.7941104082557264,-0.0,-1.5736860776327495,0.0,-10.357731138528381,4.3032272413905845,-6.1373798608637706,0.0,2.3985721756987131,0.0,0.0,1.427567108627914,4.3412192728039134,-0.0,-4.1850634154474999,0.87918778837568445,-2.5808188136532966,1.8928682870519031,-8.4076535135393158,14.496410244890525,4.2485025084252976,-0.0,-1.6737050879369217,-0.0,1.8771428211574275,0.0,-0.0,-0.0,0.0,-0.0,-0.0,0.9101503334274943,0.68137664958125921,0.0,-0.0,1.870910350967534,2.9364193287171823,0.0,-0.0,1.579274097051472,-0.0,8.5239517423222253,-0.0,0.0,0.0,-4.9544796613991204,-8.1138287161353997,5.1069448629135135,10.41010682529804,-0.0,1.8236304969314414,4.10073241320167,4.9158766410848758,2.3782547302727428,-8.7520612125552013
0.0,5.3029990893763284,-0.0,1.0294927121936048,-0.0,-0.0,-8.007868612019692,-0.62155014929364438,-8.2626438114416896,0.0,11.039271616454458,0.0,0.0,0.17079905514319549,-10.433953197793482,-0.0,0.0,0.0,2.5094991050623161,5.1581584207167257,-0.0,-0.0,-6.4692073662355529,12.264660859348146,0.0,12.564811083584704,-11.085420526452713,-0.0,-0.0,-0.0,3.0618450020159793,-0.98845735639016885,-0.0,-12.875275794221038,0.0,-0.0,0.080068514869434004,5.9751128228412975,-5.732251289790474,-0.27180351204775066,-5.5868144682685781,0.0,-7.2121986363684352,-0.96892268926038216,0.0,-2.7941104082557264,-0.0,-1.5736860776327495,0.0,-10.357731138528381,4.3032272413905845,-6.1373798608637706,0.0,2.3985721756987131,0.0,0.0,1.427567108627914,4.3412192728039134,-0.0,-4.1850634154474999,0.87918778837568445,-2.5808188136532966,1.8928682870519031,-8.4076535135393158,14.496410244890525,4.2485025084252976,-0.0,-1.6737050879369217,-0.0,1.8771428211574275,0.0,-0.0,-0.0,0.0,-0.0,-0.0,0.9101503334274943,0.68137664958125921,0.0,-0.0,1.870910350967534,2.9364193287171823,0.0,-0.0,1.579274097051472,-0.0,8.5239517423222253,-0.0,0.0,0.0,-4.9544796613991204,-8.1138287161353997,5.1069448629135135,10.41010682529804,-0.0,1.8236304969314414,4.10073241320167,4.9158766410848758,2.3782547302727428,-8.7520612125552013
-0.0,-5.3029990893763284,0.0,-1.0294927121936048,0.0,0.0,8.007868612019692,0.62155014929364438,8.2626438114416896,-0.0,-11.039271616454458,-0.0,-0.0,-0.17079905514319549,10.433953197793482,0.0,-0.0,-0.0,-2.5094991050623161,-5.1581584207167257,0.0,0.0,6.4692073662355529,-12.264660859348146,-0.0,-12.564811083584704,11.085420526452713,0.0,0.0,0.0,-3.0618450020159793,0.98845735639016885,0.0,12.875275794221038,-0.0,0.0,-0.080068514869434004,-5.9751128228412975,5.732251289790474,0.27180351204775066,5.5868144682685781,-0.0,7.2121986363684352,0.96892268926038216,-0.0,2.7941104082557264,0.0,1.5736860776327495,-0.0,10.357731138528381,-4.3032272413905845,6.1373798608637706,-0.0,-2.3985721756987131,-0.0,-0.0,-1.427567108627914,-4.3412192728039134,0.0,4.1850634154474999,-0.87918778837568445,2.5808188136532966,-1.8928682870519031,8.4076535135393158,-14.496410244890525,-4.2485025084252976,0.0,1.6737050879369217,0.0,-1.8771428211574275,-0.0,0.0,0.0,-0.0,0.0,0.0,-0.9101503334274943,-0.68137664958125921,-0.0,0.0,-1.870910350967534,-2.9364193287171823,-0.0,0.0,-1.579274097051472,0.0,-8.5239517423222253,0.0,-0.0,-0.0,4.9544796613991204,8.1138287161353997,-5.1069448629135135,-10.41010682529804,0.0,-1.8236304969314414,-4.10073241320167,-4.9158766410848758,-2.3782547302727428,8.7520612125552013
-0.0,-5.3029990893763284,0.0,-1.0294927121936048,0.0,0.0,8.007868612019692,0.62155014929364438,8.2626438114416896,-0.0,-11.039271616454458,-0.0,-0.0,-0.17079905514319549,10.433953197793482,0.0,-0.0,-0.0,-2.5094991050623161,-5.1581584207167257,0.0,0.0,6.4692073662355529,-12.264660859348146,-0.0,-12.564811083584704,11.085420526452713,0.0,0.0,0.0,-3.0618450020159793,0.98845735639016885,0.0,12.875275794221038,-0.0,0.0,-0.080068514869434004,-5.9751128228412975,5.732251289790474,0.27180351204775066,5.5868144682685781,-0.0,7.2121986363684352,0.96892268926038216,-0.0,2.7941104082557264,0.0,1.5736860776327495,-0.0,10.357731138528381,-4.3032272413905845,6.1373798608637706,-0.0,-2.3985721756987131,-0.0,-0.0,-1.427567108627914,-4.3412192728039134,0.0,4.1850634154474999,-0.87918778837568445,2.5808188136532966,-1.8928682870519031,8.4076535135393158,-14.496410244890525,-4.2485025084252976,0.0,1.6737050879369217,0.0,-1.8771428211574275,-0.0,0.0,0.0,-0.0,0.0,0.0,-0.9101503334274943,-0.68137664958125921,-0.0,0.0,-1.870910350967534,-2.9364193287171823,-0.0,0.0,-1.579274097051472,0.0,-8.5239517423222253,0.0,-0.0,-0.0,4.9544796613991204,8.1138287161353997,-5.1069448629135135,-10.41010682529804,0.0,-1.8236304969314414,-4.10073241320167,-4.9158766410848758,-2.3782547302727428,8.7520612125552013
0.0,5.3029990893763284,-0.0,1.0294927121936048,-0.0,-0.0,-8.007868612019692,-0.62155014929364438,-8.2626438114416896,0.0,11.039271616454458,0.0,0.0,0.17079905514319549,-10.433953197793482,-0.0,0.0,0.0,2.5094991050623161,5.1581584207167257,-0.0,-0.0,-6.4692073662355529,12.264660859348146,0.0,12.564811083584704,-11.085420526452713,-0.0,-0.0,-0.0,3.0618450020159793,-0.98845735639016885,-0.0,-12.875275794221038,0.0,-0.0,0.080068514869434004,5.9751128228412975,-5.732251289790474,-0.27180351204775066,-5.5868144682685781,0.0,-7.2121986363684352,-0.96892268926038216,0.0,-2.7941104082557264,-0.0,-1.5736860776327495,0.0,-10.357731138528381,4.3032272413905845,-6.1373798608637706,0.0,2.3985721756987131,0.0,0.0,1.427567108627914,4.3412192728039134,-0.0,-4.1850634154474999,0.87918778837568445,-2.5808188136532966,1.8928682870519031,-8.4076535135393158,14.496410244890525,4.2485025084252976,-0.0,-1.6737050879369217,-0.0,1.8771428211574275,0.0,-0.0,-0.0,0.0,-0.0,-0.0,0.9101503334274943,0.68137664958125921,0.0,-0.0,1.870910350967534,2.9364193287171823,0.0,-0.0,1.579274097051472,-0.0,8.5239517423222253,-0.0,0.0,0.0,-4.9544796613991204,-8.1138287161353997,5.1069448629135135,10.41010682529804,-0.0,1.8236304969314414,4.10073241320167,4.9158766410848758,2.3782547302727428,-8.7520612125552013
0.0,5.3029990893763284,-0.0,1.0294927121936048,-0.0,-0.0,-8.007868612019692,-0.62155014929364438,-8.2626438114416896,0.0,11.039271616454458,0.0,0.0,0.17079905514319549,-10.433953197793482,-0.0,0.0,0.0,2.5094991050623161,5.1581584207167257,-0.0,-0.0,-6.4692073662355529,12.264660859348146,0.0,12.564811083584704,-11.085420526452713,-0.0,-0.0,-0.0,3.0618450020159793,-0.98845735639016885,-0.0,-12.875275794221038,0.0,-0.0,0.080068514869434004,5.9751128228412975,-5.732251289790474,-0.27180351204775066,-5.5868144682685781,0.0,-7.2121986363684352,-0.96892268926038216,0.0,-2.7941104082557264,-0.0,-1.5736860776327495,0.0,-10.357731138528381,4.3032272413905845,-6.1373798608637706,0.0,2.3985721756987131,0.0,0.0,1.427567108627914,4.3412192728039134,-0.0,-4.1850634154474999,0.87918778837568445,-2.5808188136532966,1.8928682870519031,-8.4076535135393158,14.496410244890525,4.2485025084252976,-0.0,-1.6737050879369217,-0.0,1.8771428211574275,0.0,-0.0,-0.0,0.0,-0.0,-0.0,0.9101503334274943,0.68137664958125921,0.0,-0.0,1.870910350967534,2.9364193287171823,0.0,-0.0,1.579274097051472,-0.0,8.5239517423222253,-0.0,0.0,0.0,-4.9544796613991204,-8.1138287161353997,5.1069448629135135,10.41010682529804,-0.0,1.8236304969314414,4.10073241320167,4.9158766410848758,2.3782547302727428,-8.7520612125552013
-0.0,-0.0,0.0,0.0,-0.0,-0.0,0.0,-0.0,0.0,0.0,0.0,-0.0,0.0,-0.0,0.0,0.0,0.0,0.0,0.0,-0.0,0.0,0.0,-0.0,0.0,-0.0,-0.0,0.0,0.0,-0.0,0.0,0.0,-0.0,-0.0,-0.0,-0.0,-0.0,0.0,-0.0,-0.0,0.0
-2.3095391799557285,-0.0,2.7248771224832504,0.0,-0.0,-0.39961039983868757,15.241632373357795,-3.5789270206908554,1.8929350773802838,10.504840458314552,7.2268980045118747,-5.364238722952372,12.539537110923018,-0.0,5.812607635700016,0.0,1.2107431515151899,0.41959062295272825,0.17250780676069685,-0.0,6.3868554972668896,0.0,-0.0,5.4042883343061074,-0.0,-9.3689988462982683,10.422044129200842,13.639346945570262,-0.0,8.6545010954551991,0.0,-0.0,-2.9194457245313439,-6.7843711195666971,-4.4349530673891397,-8.5850548436999219,0.0,-0.72915438094172436,-0.0,0.0
-0.0,-0.0,0.0,0.0,-0.0,-0.0,0.0,-0.0,0.0,0.0,0.0,-0.0,0.0,-0.0,0.0,0.0,0.0,0.0,0.0,-0.0,0.0,0.0,-0.0,0.0,-0.0,-0.0,0.0,0.0,-0.0,0.0,0.0,-0.0,-0.0,-0.0,-0.0,-0.0,0.0,-0.0,-0.0,0.0
-2.5384812480185324,-0.0,2.9949911820552102,0.0,-0.0,-0.43922333741189934,16.752518556408564,-3.9337021033887467,2.0805796408868327,11.546173690532093,7.943292421714883,-5.8959897828494512,13.78256757502626,-0.0,6.3888050107020353,0.0,1.3307627828799531,0.46118417797542294,0.18960831511298623,-0.0,7.0199774285391694,0.0,-0.0,5.940009467942577,-0.0,-10.297737354034112,11.455169852760458,14.991400343861084,-0.0,9.5124122303004164,0.0,-0.0,-3.2088471547266648,-7.4568983354284049,-4.874585066630222,-9.4360818483108257,0.0,-0.80143464938603448,-0.0,0.0
-0.0,-0.0,0.0,0.0,-0.0,-0.0,0.0,-0.0,0.0,0.0,0.0,-0.0,0.0,-0.0,0.0,0.0,0.0,0.0,0.0,-0.0,0.0,0.0,-0.0,0.0,-0.0,-0.0,0.0,0.0,-0.0,0.0,0.0,-0.0,-0.0,-0.0,-0.0,-0.0,0.0,-0.0,-0.0,0.0
-0.0,-0.0,0.0,0.0,-0.0,-0.0,0.0,-0.0,0.0,0.0,0.0,-0.0,0.0,-0.0,0.0,0.0,0.0,0.0,0.0,-0.0,0.0,0.0,-0.0,0.0,-0.0,-0.0,0.0,0.0,-0.0,0.0,0.0,-0.0,-0.0,-0.0,-0.0,-0.0,0.0,-0.0,-0.0,0.0
-0.38646582973291571,-0.0,0.45596624088486576,0.0,-0.0,-0.066868648985864337,2.5504525546809305,-0.59887834448054555,0.31675354618765789,1.7578233437946083,1.2093101333584531,-0.89762277554908754,2.0982985073812204,-0.0,0.97265041110311401,0.0,0.20259922875728503,0.070212031757212065,0.028866525951924384,-0.0,1.068741951016738,0.0,-0.0,0.90432446150299228,-0.0,-1.5677577346710339,1.7439686526477869,2.2823347532194553,-0.0,1.4481975347322902,0.0,-0.0,-0.48852430133393399,-1.1352600712275569,-0.74212112610617775,-1.4365767735261701,0.0,-0.12201276136802135,-0.0,0.0
-0.23291226008962898,-0.0,0.27479823445829754,0.0,-0.0,-0.040299884145517356,1.5370871706112683,-0.36092740418498909,0.19089859609310891,1.0593914813230911,0.72881774956524281,-0.54097240500033072,1.2645864397238074,-0.0,0.58618948454950093,0.0,0.12210094821290217,0.042314848413270316,0.017397056306491875,-0.0,0.64410119631000051,0.0,-0.0,0.5450113256547483,-0.0,-0.944844198793928,1.0510416423992202,1.375499991864283,-0.0,0.872788575134404,0.0,-0.0,-0.29442007644253693,-0.68418982646372595,-0.44725586440877696,-0.8657850639615019,0.0,-0.07353371455800406,-0.0,0.0
-2.3218190108272392,-0.0,2.7393653071826689,0.0,-0.0,-0.4017351302468592,15.322672205621719,-3.597956192785873,1.9029998222448523,10.560694745299534,7.2653234557842641,-5.3927604059114485,12.606209889746417,-0.0,5.8435132983137219,0.0,1.2171806786454857,0.4218215883028073,0.17342503159473374,-0.0,6.4208144385084571,0.0,-0.0,5.4330229612403986,-0.0,-9.4188138579968896,10.477458187707725,13.71186741854733,-0.0,8.7005171191935489,0.0,-0.0,-2.9349684314189086,-6.8204436532742383,-4.4585337340707376,-8.6307016213853718,0.0,-0.73303129827436608,-0.0,0.0
-0.0,-0.0,0.0,0.0,-0.0,-0.0,0.0,-0.0,0.0,0.0,0.0,-0.0,0.0,-0.0,0.0,0.0,0.0,0.0,0.0,-0.0,0.0,0.0,-0.0,0.0,-0.0,-0.0,0.0,0.0,-0.0,0.0,0.0,-0.0,-0.0,-0.0,-0.0,-0.0,0.0,-0.0,-0.0,0.0
-1.2830517358604037,-0.0,1.5137904359238685,0.0,-0.0,-0.22200135058575901,8.4674046856211849,-1.9882531399632406,1.0516096275753057,5.8359060984778139,4.0148632723142601,-2.9800731958942426,6.9662705862232377,-0.0,3.2291620690337468,0.0,0.67262167090078906,0.23310125318617278,0.095835759286848732,-0.0,3.5481822969614778,0.0,-0.0,3.0023225362881689,-0.0,-5.2048955641651169,5.7899090551220693,7.5772638656217461,-0.0,4.807960284848865,0.0,-0.0,-1.6218819481910578,-3.7690199054549494,-2.4638136823823595,-4.769379803237241,0.0,-0.40507768921912424,-0.0,0.0
-0.0,-0.0,0.0,0.0,-0.0,-0.0,0.0,-0.0,0.0,0.0,0.0,-0.0,0.0,-0.0,0.0,0.0,0.0,0.0,0.0,-0.0,0.0,0.0,-0.0,0.0,-0.0,-0.0,0.0,0.0,-0.0,0.0,0.0,-0.0,-0.0,-0.0,-0.0,-0.0,0.0,-0.0,-0.0,0.0
-0.0,-0.0,0.0,0.0,-0.0,-0.0,0.0,-0.0,0.0,0.0,0.0,-0.0,0.0,-0.0,0.0,0.0,0.0,0.0,0.0,-0.0,0.0,0.0,-0.0,0.0,-0.0,-0.0,0.0,0.0,-0.0,0.0,0.0,-0.0,-0.0,-0.0,-0.0,-0.0,0.0,-0.0,-0.0,0.0
-3.8379911697325291,-0.0,4.5281995756821791,0.0,-0.0,-0.6640723825882735,25.328537817824767,-5.9474593121178208,3.145678659585136,17.45693914542429,12.009655851088828,-8.9142894953716052,20.83819712691708,-0.0,9.6593887527658975,0.0,2.0120124242354298,0.69727550836613716,0.28667339562958682,-0.0,10.613673590650178,0.0,-0.0,8.9808439214930118,-0.0,-15.56939806581514,17.31934824296955,22.665860615112173,-0.0,14.382046025057807,0.0,-0.0,-4.8515335909908526,-11.274264872867194,-7.3700030112258128,-14.266640275148474,0.0,-1.2117084220583654,-0.0,0.0
-0.85841143340488002,-0.0,1.0127845835496279,0.0,-0.0,-0.14852752406460604,5.665022532025235,-1.3302185563881987,0.70356767584585189,3.9044477936435036,2.6860994301221695,-1.9937846871183091,4.6607055290689852,-0.0,2.1604348156055297,0.0,0.45001001636924753,0.15595378992401518,0.064117844356215009,-0.0,2.3738717359468233,0.0,-0.0,2.008670359804809,-0.0,-3.4822772434515392,3.8736739855297464,5.0694837584343873,-0.0,3.2167121282160753,0.0,-0.0,-1.085102002552188,-2.5216206713624811,-1.6483870257329245,-3.1909002879012527,0.0,-0.27101270363797492,-0.0,0.0
-0.0,-0.0,0.0,0.0,-0.0,-0.0,0.0,-0.0,0.0,0.0,0.0,-0.0,0.0,-0.0,0.0,0.0,0.0,0.0,0.0,-0.0,0.0,0.0,-0.0,0.0,-0.0,-0.0,0.0,0.0,-0.0,0.0,0.0,-0.0,-0.0,-0.0,-0.0,-0.0,0.0,-0.0,-0.0,0.0
-0.0,-0.0,0.0,0.0,-0.0,-0.0,0.0,-0.0,0.0,0.0,0.0,-0.0,0.0,-0.0,0.0,0.0,0.0,0.0,0.0,-0.0,0.0,0.0,-0.0,0.0,-0.0,-0.0,0.0,0.0,-0.0,0.0,0.0,-0.0,-0.0,-0.0,-0.0,-0.0,0.0,-0.0,-0.0,0.0
-0.0,-0.0,0.0,0.0,-0.0,-0.0,0.0,-0.0,0.0,0.0,0.0,-0.0,0.0,-0.0,0.0,0.0,0.0,0.0,0.0,-0.0,0.0,0.0,-0.0,0.0,-0.0,-0.0,0.0,0.0,-0.0,0.0,0.0,-0.0,-0.0,-0.0,-0.0,-0.0,0.0,-0.0,-0.0,0.0
-0.52160895067836355,-0.0,0.61541293991523116,0.0,-0.0,-0.090251926942419181,3.442319549237927,-0.8082999344712497,0.42751899945404848,2.3725160655685902,1.6321934338716255,-1.211512216701631,2.832051887747725,-0.0,1.3127762437962398,0.0,0.27344609274606851,0.094764456239728664,0.038960852818265612,-0.0,1.442470005695067,0.0,-0.0,1.2205574132216133,-0.0,-2.1159864701745894,2.3538165315992852,3.0804437136041241,-0.0,1.9546172995132596,0.0,-0.0,-0.65935621882994855,-1.5322488275594504,-1.0016332417590694,-1.9389328777805612,0.0,-0.16467936756666551,-0.0,0.0
-3.3728841889577419,-0.0,3.9794496854790742,0.0,-0.0,-0.58359676729313048,22.259098824636702,-5.226716423036919,2.764469574117312,15.341419880156327,10.554265641466888,-7.8340112743996606,18.312920094774849,-0.0,8.4888156742348233,0.0,1.7681866876632644,0.61277617209304713,0.2519328786213037,-0.0,9.3274554988507568,0.0,-0.0,7.8925003020296254,-0.0,-13.68262047654394,15.220502931963773,19.919098173214302,-0.0,12.63915769930253,0.0,-0.0,-4.2636004663842959,-9.907993022940051,-6.4768691562328078,-12.537737395823529,0.0,-1.0648675303420294,-0.0,0.0
-0.0,-0.0,0.0,0.0,-0.0,-0.0,0.0,-0.0,0.0,0.0,0.0,-0.0,0.0,-0.0,0.0,0.0,0.0,0.0,0.0,-0.0,0.0,0.0,-0.0,0.0,-0.0,-0.0,0.0,0.0,-0.0,0.0,0.0,-0.0,-0.0,-0.0,-0.0,-0.0,0.0,-0.0,-0.0,0.0
-0.0,-0.0,0.0,0.0,-0.0,-0.0,0.0,-0.0,0.0,0.0,0.0,-0.0,0.0,-0.0,0.0,0.0,0.0,0.0,0.0,-0.0,0.0,0.0,-0.0,0.0,-0.0,-0.0,0.0,0.0,-0.0,0.0,0.0,-0.0,-0.0,-0.0,-0.0,-0.0,0.0,-0.0,-0.0,0.0
-2.0228080355479734,-0.0,2.3865814388763105,0.0,-0.0,-0.34999844769800814,13.34937147084349,-3.1346003561766822,1.6579256669587485,9.2006560770428045,6.3296728119989965,-4.6982641764898121,10.982743505790326,-0.0,5.0909677285521884,0.0,1.0604284166837776,0.36749811006264382,0.15109082397856685,-0.0,5.5939222568213198,0.0,-0.0,4.7333415964227621,-0.0,-8.2058301135619232,9.1281389786975424,11.946011066006292,-0.0,7.58003783243075,0.0,-0.0,-2.5569941926862567,-5.9420859952946019,-3.884350081545207,-7.519213388615964,0.0,-0.63862927882964127,-0.0,0.0
-2.502902707793754,-0.0,2.95301434479207,0.0,-0.0,-0.43306732377580548,16.517720621308285,-3.8785685944739354,2.0514189029448335,11.384346217742397,7.8319617789678642,-5.8133534782410434,13.589395521755604,-0.0,6.2992615656838948,0.0,1.3121112378912756,0.45472036823093981,0.18695082569033813,-0.0,6.9215876730453001,0.0,-0.0,5.8567561975251881,-0.0,-10.15340756512561,11.294617860617032,14.781285677630578,-0.0,9.3790893068261578,0.0,-0.0,-3.1638729806378381,-7.3523848364272952,-4.8062644434199528,-9.303828747025765,0.0,-0.7902019979993169,-0.0,0.0
-0.0,-0.0,0.0,0.0,-0.0,-0.0,0.0,-0.0,0.0,0.0,0.0,-0.0,0.0,-0.0,0.0,0.0,0.0,0.0,0.0,-0.0,0.0,0.0,-0.0,0.0,-0.0,-0.0,0.0,0.0,-0.0,0.0,0.0,-0.0,-0.0,-0.0,-0.0,-0.0,0.0,-0.0,-0.0,0.0
-0.40241047024946658,-0.0,0.47477829938850274,0.0,-0.0,-0.069627486864607388,2.6556780261463127,-0.62358660891491635,0.32982202737730221,1.8303468611461327,1.2592033292530251,-0.93465650886902929,2.1848692021816647,-0.0,1.0127796022505757,0.0,0.21095798035428354,0.073108809480301018,0.030057488629228114,-0.0,1.1128356454727157,0.0,-0.0,0.94163469009151624,-0.0,-1.6324396070985321,1.8159205591276424,2.3764983360740239,-0.0,1.5079466439982234,0.0,-0.0,-0.50867962625296215,-1.1820981415972633,-0.77273923944281742,-1.4958464384384114,0.0,-0.12704671125122136,-0.0,0.0
-0.14949036974713109,-0.0,0.17637409752162247,0.0,-0.0,-0.025865725485475163,0.9865505979797996,-0.23165449119219098,0.12252468677769612,0.67995057103909662,0.46777801571653493,-0.34721300121931686,0.81165111007369306,-0.0,0.37623473643449917,0.0,0.078368205640175354,0.027158992543627161,0.011165974598195624,-0.0,0.41340428345806463,0.0,-0.0,0.34980530675864679,-0.0,-0.60643054417479947,0.67459138338801239,0.88283889517812209,-0.0,0.56018299233241364,0.0,-0.0,-0.18896800911826814,-0.4391344195274593,-0.28706279573394566,-0.5556879199203284,0.0,-0.047196236788591008,-0.0,0.0
-0.0,-0.0,0.0,0.0,-0.0,-0.0,0.0,-0.0,0.0,0.0,0.0,-0.0,0.0,-0.0,0.0,0.0,0.0,0.0,0.0,-0.0,0.0,0.0,-0.0,0.0,-0.0,-0.0,0.0,0.0,-0.0,0.0,0.0,-0.0,-0.0,-0.0,-0.0,-0.0,0.0,-0.0,-0.0,0.0
-0.0,-0.0,0.0,0.0,-0.0,-0.0,0.0,-0.0,0.0,0.0,0.0,-0.0,0.0,-0.0,0.0,0.0,0.0,0.0,0.0,-0.0,0.0,0.0,-0.0,0.0,-0.0,-0.0,0.0,0.0,-0.0,0.0,0.0,-0.0,-0.0,-0.0,-0.0,-0.0,0.0,-0.0,-0.0,0.0
-0.0,-0.0,0.0,0.0,-0.0,-0.0,0.0,-0.0,0.0,0.0,0.0,-0.0,0.0,-0.0,0.0,0.0,0.0,0.0,0.0,-0.0,0.0,0.0,-0.0,0.0,-0.0,-0.0,0.0,0.0,-0.0,0.0,0.0,-0.0,-0.0,-0.0,-0.0,-0.0,0.0,-0.0,-0.0,0.0
-2.7252244049500165,-0.0,3.2153174534253521,0.0,-0.0,-0.4715347648413139,17.984916158013444,-4.2230845637824315,2.233637305066885,12.395566975249974,8.5276400525744123,-6.3297277693500487,14.796480985492044,-0.0,6.8587969074905013,0.0,1.4286602337261669,0.49511115277155632,0.20355683467455368,-0.0,7.5364014705195643,0.0,-0.0,6.3769857588300347,-0.0,-11.055289525926129,12.29786844789904,16.094241434068703,-0.0,10.212192026312914,0.0,-0.0,-3.4449057225226691,-8.0054644267328001,-5.2331835021255193,-10.130246406269608,0.0,-0.86039212114890351,-0.0,0.0
-1.3410028731804529,-0.0,1.582163265307224,0.0,-0.0,-0.23202840592067456,8.8498489144595514,-2.0780558560351396,1.0991073022453262,6.0994943749653618,4.196201160968517,-3.1146730925096779,7.2809136298882873,-0.0,3.3750124733947047,0.0,0.70300173253460418,0.24362965383855081,0.10016433863511563,-0.0,3.7084417734742425,0.0,-0.0,3.1379273608768199,-0.0,-5.4399832142926288,6.0514197996587811,7.9195034234774768,-0.0,5.0251197016589551,0.0,-0.0,-1.6951369081194663,-3.9392538749811652,-2.5750958708149314,-4.9847966692792989,0.0,-0.42337368784265883,-0.0,0.0
-0.0,-0.0,0.0,0.0,-0.0,-0.0,0.0,-0.0,0.0,0.0,0.0,-0.0,0.0,-0.0,0.0,0.0,0.0,0.0,0.0,-0.0,0.0,0.0,-0.0,0.0,-0.0,-0.0,0.0,0.0,-0.0,0.0,0.0,-0.0,-0.0,-0.0,-0.0,-0.0,0.0,-0.0,-0.0,0.0
-2.322639485083613,-0.0,2.7403333321246932,0.0,-0.0,-0.40187709365172042,15.32808686457013,-3.5992276228232596,1.9036722960064827,10.564426637461469,7.267890844039723,-5.3946660760188987,12.610664617111793,-0.0,5.8455782535086307,0.0,1.2176108006349806,0.42197064977244436,0.17348631577458185,-0.0,6.4230833978576491,0.0,-0.0,5.4349428591537148,-0.0,-9.422142237280557,10.481160666098658,13.716712858338832,-0.0,8.703591669914406,0.0,-0.0,-2.9360055777382472,-6.8228538318490815,-4.4601092712391903,-8.6337515010106873,0.0,-0.73329033367141716,-0.0,0.0
-0.0,-0.0,0.0,0.0,-0.0,-0.0,0.0,-0.0,0.0,0.0,0.0,-0.0,0.0,-0.0,0.0,0.0,0.0,0.0,0.0,-0.0,0.0,0.0,-0.0,0.0,-0.0,-0.0,0.0,0.0,-0.0,0.0,0.0,-0.0,-0.0,-0.0,-0.0,-0.0,0.0,-0.0,-0.0,0.0
-0.0,-0.0,0.0,0.0,-0.0,-0.0,0.0,-0.0,0.0,0.0,0.0,-0.0,0.0,-0.0,0.0,0.0,0.0,0.0,0.0,-0.0,0.0,0.0,-0.0,0.0,-0.0,-0.0,0.0,0.0,-0.0,0.0,0.0,-0.0,-0.0,-0.0,-0.0,-0.0,0.0,-0.0,-0.0,0.0
-0.079386846780654205,-0.0,0.093663447884367271,0.0,-0.0,-0.013735991083969385,0.52390760217975962,-0.12302009573882806,0.065066723378381916,0.36108768673732594,0.24841347120796514,-0.18438743160964052,0.43102724559288708,-0.0,0.19979942136345283,0.0,0.041617428227351073,0.014422780433448202,0.0059296897591668753,-0.0,0.21953830581104272,0.0,-0.0,0.18576407522225274,-0.0,-0.32204488339248005,0.35824169063975086,0.46883151217072067,-0.0,0.29748512534049149,0.0,-0.0,-0.10035144345212993,-0.23320229214836746,-0.15244467064939032,-0.29509801755923593,0.0,-0.02506355710335819,-0.0,0.0
-2.9845140771746279,-0.0,3.5212367043620549,0.0,-0.0,-0.51639862794049085,19.696079101926664,-4.6248871494084201,2.4461552480470994,13.574934990673912,9.3389967210620632,-6.9319655284148469,16.204282375292198,-0.0,7.5113725995209002,0.0,1.5645891660556823,0.54221817569550557,0.22292411497850814,-0.0,8.2534474002032656,0.0,-0.0,6.983719848024565,-0.0,-12.107137730543297,13.467941001603334,17.625517382780888,-0.0,11.183824277362726,0.0,-0.0,-3.7726689973616723,-8.7671390409198136,-5.7310912826711204,-11.09408199553895,0.0,-0.94225356003522853,-0.0,0.0
-0.26153417210844992,-0.0,0.30856739236594066,0.0,-0.0,-0.045252220007690531,1.7259753542799352,-0.40528072591991554,0.21435757081513857,1.1895770274177859,0.81838004868072978,-0.60745093461732491,1.4199877990341347,-0.0,0.65822460990819776,0.0,0.13710557955270133,0.047514797389371026,0.019534930091234977,-0.0,0.72325292393871299,0.0,-0.0,0.61198618651500647,-0.0,-1.0609533616132938,1.180201101009476,1.5445311958630694,-0.0,0.98004303137863902,0.0,-0.0,-0.33060050559328247,-0.76826792956435841,-0.50221784020208016,-0.97217887903323497,0.0,-0.082570059436055429,-0.0,0.0
-2.5963361963318468,-0.0,3.0632505242000025,0.0,-0.0,-0.44923374954466661,17.134327993037413,-4.0233557622641776,2.1279984775157033,11.809324455424962,8.1243293203937981,-6.030366266587059,14.096688364888436,-0.0,6.5344133282606256,0.0,1.3610924187915436,0.47169510327790981,0.19392970975759868,-0.0,7.1799709016466782,0.0,-0.0,6.0753892116443149,-0.0,-10.532434798747078,11.716246534051292,15.333071842405854,-0.0,9.7292111995063344,0.0,-0.0,-3.2819805239122553,-7.6268497455917075,-4.9856825456046598,-9.6511411590858653,0.0,-0.81970027977149473,-0.0,0.0
-0.74144126936799815,-0.0,0.87477899058829856,0.0,-0.0,-0.12828864072993526,4.8930866175474019,-1.1489582927306397,0.60769706735650653,3.3724139912925604,2.3200820650988265,-1.7221045663382146,4.0256213852098846,-0.0,1.8660463616097436,0.0,0.38869006723464233,0.13470297745844839,0.055380921151115606,-0.0,2.0503996157598476,0.0,-0.0,1.7349618648579903,-0.0,-3.0077698865623295,3.3458335306145748,4.3786980538983515,-0.0,2.7783916088767264,0.0,-0.0,-0.93724218347704658,-2.1780157610712374,-1.4237720062993404,-2.7560969807963018,0.0,-0.23408355851362184,-0.0,0.0
-0.0,-0.0,0.0,0.0,-0.0,-0.0,0.0,-0.0,0.0,0.0,0.0,-0.0,0.0,-0.0,0.0,0.0,0.0,0.0,0.0,-0.0,0.0,0.0,-0.0,0.0,-0.0,-0.0,0.0,0.0,-0.0,0.0,0.0,-0.0,-0.0,-0.0,-0.0,-0.0,0.0,-0.0,-0.0,0.0
-1.6391323542865934,-0.0,1.933907115186184,0.0,-0.0,-0.28361256703060167,10.817332293878478,-2.5400457044237532,1.3434589708746556,7.4555236045713054,5.1290934759338898,-3.8071219242432499,8.8995939816380822,-0.0,4.1253395141068063,0.0,0.85929188368110077,0.29779298468115512,0.12243270427388811,-0.0,4.5328962498588252,0.0,-0.0,3.8355460420569902,-0.0,-6.6493910428207741,7.3967611713360109,9.6801539735094675,-0.0,6.1422957786935273,0.0,-0.0,-2.0719968663855797,-4.8150221057442719,-3.1475868110795413,-6.0930081982428721,0.0,-0.51749740703437763,-0.0,0.0
-1.0221941750638381,-0.0,1.2060213338404953,0.0,-0.0,-0.17686620194850641,6.7458945774669266,-1.58402091000634,0.83780661816234392,4.6494066087547008,3.1986004429394961,-2.3741937888920792,5.5499564172918872,-0.0,2.5726403425890525,0.0,0.53587079522980208,0.18570938064878711,0.076351367733541856,-0.0,2.8268004903063888,0.0,-0.0,2.3919196104735705,-0.0,-4.1466869798023902,4.6127612354823038,6.0367285043001218,-0.0,3.8304527087639579,0.0,-0.0,-1.292136734432092,-3.0027395508507215,-1.9628951227636593,-3.7997160342618082,0.0,-0.32272124560155629,-0.0,0.0
-0.0,-0.0,0.0,0.0,-0.0,-0.0,0.0,-0.0,0.0,0.0,0.0,-0.0,0.0,-0.0,0.0,0.0,0.0,0.0,0.0,-0.0,0.0,0.0,-0.0,0.0,-0.0,-0.0,0.0,0.0,-0.0,0.0,0.0,-0.0,-0.0,-0.0,-0.0,-0.0,0.0,-0.0,-0.0,0.0
-1.6006946533381605,-0.0,1.888556937599136,0.0,-0.0,-0.27696184415991298,10.563665539827433,-2.4804815594499412,1.311954819288651,7.2806913611731074,5.0088160861008326,-3.717844805397057,8.6908982462790156,-0.0,4.0286001836071614,0.0,0.83914146424366298,0.29080973060787596,0.11956165383010875,-0.0,4.4265997021598569,0.0,-0.0,3.7456023768288711,-0.0,-6.4934626312286703,7.2233069086907369,9.4531540838449839,-0.0,5.9982587656598838,0.0,-0.0,-2.0234084801531074,-4.7021096985938167,-3.0737758096450873,-5.9501269803912837,0.0,-0.50536207792495114,-0.0,0.0
-0.0,-0.0,0.0,0.0,-0.0,-0.0,0.0,-0.0,0.0,0.0,0.0,-0.0,0.0,-0.0,0.0,0.0,0.0,0.0,0.0,-0.0,0.0,0.0,-0.0,0.0,-0.0,-0.0,0.0,0.0,-0.0,0.0,0.0,-0.0,-0.0,-0.0,-0.0,-0.0,0.0,-0.0,-0.0,0.0
-1.0926918326930799,-0.0,1.2891969976827773,0.0,-0.0,-0.18906413190674692,7.211138635715959,-1.6932660676440392,0.8955876206054787,4.9700621977602362,3.4191982945218604,-2.537934793250995,5.9327202178574909,-0.0,2.7500676088554559,0.0,0.57282819214830905,0.19851719804287379,0.081617091911306242,-0.0,3.0217564174807405,0.0,-0.0,2.5568831114300341,-0.0,-4.4326715081132537,4.9308895033176796,6.4530635115606128,-0.0,4.0946275105921712,0.0,-0.0,-1.3812515184294387,-3.2098294658293871,-2.0982700952516984,-4.0617710201014603,0.0,-0.34497835920786313,-0.0,0.0
-0.0,-0.0,0.0,0.0,-0.0,-0.0,0.0,-0.0,0.0,0.0,0.0,-0.0,0.0,-0.0,0.0,0.0,0.0,0.0,0.0,-0.0,0.0,0.0,-0.0,0.0,-0.0,-0.0,0.0,0.0,-0.0,0.0,0.0,-0.0,-0.0,-0.0,-0.0,-0.0,0.0,-0.0,-0.0,0.0
-0.56531133461886651,-0.0,0.66697457923746961,0.0,-0.0,-0.09781357702046764,3.7307301878802424,-0.87602238062445592,0.46333816902869263,2.5712944950177894,1.7689448144210935,-1.3130173231114177,3.0693319780851605,-0.0,1.422765635963958,0.0,0.29635644755627161,0.10270418320399105,0.042225141412813111,-0.0,1.5633256350502787,0.0,-0.0,1.3228203606358908,-0.0,-2.2932718733721678,2.5510282428931075,3.3385350168763481,-0.0,2.1183825791714881,0.0,-0.0,-0.71459959337593659,-1.6606264684479011,-1.0855538885232723,-2.1013840568667894,0.0,-0.17847683200648756,-0.0,0.0
-2.2528414566194876,-0.0,2.6579831158534217,0.0,-0.0,-0.38980021775172558,14.86745995706049,-3.4910666302628321,1.8464647207644542,10.246953281874323,7.0494822381134448,-5.2325500615678386,12.231699421027985,-0.0,5.6699118016343828,0.0,1.1810201743812092,0.40928993904958233,0.16827284942117809,-0.0,6.2300622420948644,0.0,-0.0,5.2716164803418737,-0.0,-9.1389958616616696,10.166189550173154,13.304509621173034,-0.0,8.4420385778317826,0.0,-0.0,-2.8477751820173944,-6.6178191077688506,-4.326077779969741,-8.3742971875497094,0.0,-0.71125410294737823,-0.0,0.0
-0.70852787770748016,-0.0,0.83594659114799319,0.0,-0.0,-0.12259376717435479,4.6758771325541355,-1.0979547731633004,0.58072072760419957,3.2227088330789684,2.2170910759969771,-1.6456584546717168,3.8469196339015048,-0.0,1.7832105156786178,0.0,0.37143568857245696,0.1287233644559149,0.052922501282039999,-0.0,1.959380126553907,0.0,-0.0,1.6579450035996355,-0.0,-2.8742516803455089,3.1973083082218703,4.1843228417740663,-0.0,2.6550557561433004,0.0,-0.0,-0.89563697435261569,-2.0813312511193929,-1.3605692043855004,-2.6337508110711627,0.0,-0.22369233245034392,-0.0,0.0
-0.0,-0.0,0.0,0.0,-0.0,-0.0,0.0,-0.0,0.0,0.0,0.0,-0.0,0.0,-0.0,0.0,0.0,0.0,0.0,0.0,-0.0,0.0,0.0,-0.0,0.0,-0.0,-0.0,0.0,0.0,-0.0,0.0,0.0,-0.0,-0.0,-0.0,-0.0,-0.0,0.0,-0.0,-0.0,0.0
-1.0202581320257715,-0.0,1.2037371208562098,0.0,-0.0,-0.17653121610403091,6.7331178051561071,-1.5810207631362228,0.83621980646853034,4.6406005995681792,3.1925422709500859,-2.3696970489691398,5.5394447603627128,-0.0,2.5677677434819328,0.0,0.53485585213218256,0.18535764576095495,0.076206757699994992,-0.0,2.8214465100717434,0.0,-0.0,2.3873892977184785,-0.0,-4.1388331251687669,4.6040246328934051,6.0252948975759208,-0.0,3.8231978040889407,0.0,-0.0,-1.2896894182665786,-2.9970523407840148,-1.9591773854397851,-3.7925193450669168,0.0,-0.32211000926698802,-0.0,0.0
-0.0,-0.0,0.0,0.0,-0.0,-0.0,0.0,-0.0,0.0,0.0,0.0,-0.0,0.0,-0.0,0.0,0.0,0.0,0.0,0.0,-0.0,0.0,0.0,-0.0,0.0,-0.0,-0.0,0.0,0.0,-0.0,0.0,0.0,-0.0,-0.0,-0.0,-0.0,-0.0,0.0,-0.0,-0.0,0.0
-0.0,-0.0,0.0,0.0,-0.0,-0.0,0.0,-0.0,0.0,0.0,0.0,-0.0,0.0,-0.0,0.0,0.0,0.0,0.0,0.0,-0.0,0.0,0.0,-0.0,0.0,-0.0,-0.0,0.0,0.0,-0.0,0.0,0.0,-0.0,-0.0,-0.0,-0.0,-0.0,0.0,-0.0,-0.0,0.0
-0.23500980849317835,-0.0,0.27727299726281618,0.0,-0.0,-0.040662814622513824,1.5509297855925113,-0.36417782432240098,0.1926177801554714,1.0689320907763158,0.73538129631237725,-0.54584426448954804,1.275974982631648,-0.0,0.59146855752325111,0.0,0.12320055820722914,0.042695925144488903,0.017553729757979995,-0.0,0.64990180738785608,0.0,-0.0,0.54991955863313902,-0.0,-0.9533532246391988,1.0605070553329576,1.3878873939310821,-0.0,0.88064868641280902,0.0,-0.0,-0.29707154855086337,-0.69035146551901416,-0.45128373663846422,-0.87358210340472608,0.0,-0.074195940434472918,-0.0,0.0
-2.6819516429667885,-0.0,3.1642626974904382,0.0,-0.0,-0.46404745054575236,17.699340777585903,-4.1560278719255441,2.1981702604875633,12.198742662950089,8.39223302421982,-6.229220522062743,14.561533507878252,-0.0,6.7498887803175469,0.0,1.4059751021323637,0.48724947832367976,0.20032463609269313,-0.0,7.4167339281140707,0.0,-0.0,6.2757281205925892,-0.0,-10.879746949893809,12.102595451928368,15.838687330849879,-0.0,10.05003666249077,0.0,-0.0,-3.3902054251399596,-7.878348818904696,-5.1500878481710384,-9.9693922245832383,0.0,-0.84673029447397186,-0.0,0.0
-0.0,-0.0,0.0,0.0,-0.0,-0.0,0.0,-0.0,0.0,0.0,0.0,-0.0,0.0,-0.0,0.0,0.0,0.0,0.0,0.0,-0.0,0.0,0.0,-0.0,0.0,-0.0,-0.0,0.0,0.0,-0.0,0.0,0.0,-0.0,-0.0,-0.0,-0.0,-0.0,0.0,-0.0,-0.0,0.0
-2.6491250280863969,-0.0,3.1255326804063106,0.0,-0.0,-0.45836759163209867,17.482703969511352,-4.1051588241029835,2.1712650443656449,12.049432205219876,8.2895135728102414,-6.1529759620166917,14.38330290711982,-0.0,6.6672713326622066,0.0,1.3887662149661271,0.48128563068401475,0.19787269789413744,-0.0,7.3259544135143173,0.0,-0.0,6.1989143157467836,-0.0,-10.746580766955027,11.954461819095917,15.644824592651661,-0.0,9.9270259870676849,0.0,-0.0,-3.3487099089369248,-7.7819192194934672,-5.0870516816408022,-9.8473686228504551,0.0,-0.83636646507490386,-0.0,0.0
-0.72544630487371387,-0.0,0.85590755805159557,0.0,-0.0,-0.12552109549301529,4.787529036726685,-1.1241720448417072,0.59458733983360601,3.2996615774746303,2.2700313978535118,-1.6849539483027447,3.9387774586791311,-0.0,1.8257905159591801,0.0,0.38030493400622295,0.13179705701574254,0.054186199594507475,-0.0,2.0061667541589174,0.0,-0.0,1.6975338788881842,-0.0,-2.9428838672238729,3.2736545317687415,4.2842372748767108,-0.0,2.7184539213332735,0.0,-0.0,-0.91702324494933396,-2.131029861842805,-1.3930572570271216,-2.6966402508138749,0.0,-0.2290337206346047,-0.0,0.0
-1.5530402858418173,-0.0,1.8323326063974095,0.0,-0.0,-0.26871639804904052,10.249174079077209,-2.4066350081695842,1.2728965410801263,7.0639375030720419,4.859698350253546,-3.6071606456909691,8.4321610423795725,-0.0,3.9086645086518628,0.0,0.81415933811792585,0.28215201831715303,0.11600217733769437,-0.0,4.2948151619129016,0.0,-0.0,3.6340918449555129,-0.0,-6.3001454024199042,7.0082614462424386,9.171723719989112,-0.0,5.8196842780392704,0.0,-0.0,-1.9631694763510106,-4.5621229352735231,-2.9822662630062435,-5.772985426765084,0.0,-0.49031691604480859,-0.0,0.0
-1.1044421971069307,-0.0,1.303060498873849,0.0,-0.0,-0.19109725083472248,7.2886842933966092,-1.7114747635902583,0.90521840633278783,5.023508229144265,3.4559669650305684,-2.5652267137971481,5.9965182828191654,-0.0,2.7796407195898301,0.0,0.57898815399929193,0.20065197140680679,0.082494768987003725,-0.0,3.0542511593767969,0.0,-0.0,2.5843787944982193,-0.0,-4.4803386581631006,4.9839142874469919,6.522457137080516,-0.0,4.1386594727144237,0.0,-0.0,-1.3961049365690519,-3.2443466689431442,-2.1208340401080683,-4.1054496568623664,0.0,-0.34868811644618164,-0.0,0.0
-0.012732002226851141,-0.0,0.015021672674986835,0.0,-0.0,-0.0022029678235277106,0.084023903557313859,-0.019729869574261632,0.0104353517055088,0.057910969109664832,0.039840363950195051,-0.029571916319384509,0.069127822470201508,-0.0,0.03204367953738857,0.0,0.0066745715487414497,0.002313114578078904,0.00095099914255124295,-0.0,0.035209386841983457,0.0,-0.0,0.029792701377012346,-0.0,-0.051649313945270198,0.057454530415833677,0.075190842048033446,-0.0,0.047710438591361516,0.0,-0.0,-0.016094288327516762,-0.037400806598900625,-0.024448960563232886,-0.047327596057375319,0.0,-0.0040196742633507769,-0.0,0.0
-1.1338604720129113,-0.0,1.3377692342657148,0.0,-0.0,-0.19618737820721793,7.4828280148224264,-1.7570621517051221,0.92933009275441181,5.157315997866375,3.5480212042742125,-2.6335549113798993,6.1562434579209588,-0.0,2.8536801170729693,0.0,0.5944102672853242,0.2059966013663781,0.084692125986511865,-0.0,3.1356051681912191,0.0,-0.0,2.6532171330159704,-0.0,-4.5996783888099317,5.1166674192994552,6.6961913873869019,-0.0,4.2488981275118247,0.0,-0.0,-1.4332920333036478,-3.3307641224298763,-2.1773252525819253,-4.214803724403982,0.0,-0.35797588441894884,-0.0,0.0
-2.0927486273566474,-0.0,2.4690998564924382,0.0,-0.0,-0.36209999076780547,13.810939214562531,-3.2429822689147771,1.715250089387431,9.5187778759223143,6.5485275202296549,-4.8607113149243659,11.36248274301842,-0.0,5.2669929813475402,0.0,1.0970937797484972,0.38020472129547278,0.15631493890208625,-0.0,5.787337660704571,0.0,-0.0,4.8970015714024147,-0.0,-8.4895548191880223,9.4437534270596579,12.359056233430254,-0.0,7.8421251499693749,0.0,-0.0,-2.6454048000919035,-6.1475395053585729,-4.0186553338089235,-7.7791976407514074,0.0,-0.66071051883005083,-0.0,0.0
-0.0,-0.0,0.0,0.0,-0.0,-0.0,0.0,-0.0,0.0,0.0,0.0,-0.0,0.0,-0.0,0.0,0.0,0.0,0.0,0.0,-0.0,0.0,0.0,-0.0,0.0,-0.0,-0.0,0.0,0.0,-0.0,0.0,0.0,-0.0,-0.0,-0.0,-0.0,-0.0,0.0,-0.0,-0.0,0.0
-2.311869398964137,-0.0,2.7276263984087223,0.0,-0.0,-0.40001358838718387,15.257010480723892,-3.5825379937566941,1.8948449619742653,10.515439360090589,7.2341896128327443,-5.3696509935673706,12.552188928214584,-0.0,5.8184722899646761,0.0,1.2119647357734031,0.42001397062911322,0.17268185921839116,-0.0,6.3932995412618361,0.0,-0.0,5.409741013140402,-0.0,-9.3784517360309358,10.43255949328174,13.653108420495945,-0.0,8.6632330897577621,0.0,-0.0,-2.9223913112442093,-6.7912162385757684,-4.4394277314384532,-8.593716769922537,0.0,-0.72989006423875646,-0.0,0.0
-0.0,-0.0,0.0,0.0,-0.0,-0.0,0.0,-0.0,0.0,0.0,0.0,-0.0,0.0,-0.0,0.0,0.0,0.0,0.0,0.0,-0.0,0.0,0.0,-0.0,0.0,-0.0,-0.0,0.0,0.0,-0.0,0.0,0.0,-0.0,-0.0,-0.0,-0.0,-0.0,0.0,-0.0,-0.0,0.0
-0.038116288956899162,-0.0,0.044970964196678578,0.0,-0.0,-0.0065951102291866718,0.25154561947239651,-0.059066075890915087,0.03124071720119519,0.17337031466290945,0.11927164301550965,-0.08853059301715753,0.20695064368419339,-0.0,0.095930406445699376,0.0,0.019981923760489895,0.0069248608410176823,0.0028470430235081295,-0.0,0.10540770720523182,0.0,-0.0,0.089191565808707976,-0.0,-0.15462455469978434,0.17200385643935628,0.22510174058650162,-0.0,0.14283259075886043,0.0,-0.0,-0.048182095283767226,-0.11196824553944248,-0.073193801644071313,-0.14168646021392267,0.0,-0.012033854770412014,-0.0,0.0
-0.0,-0.0,0.0,0.0,-0.0,-0.0,0.0,-0.0,0.0,0.0,0.0,-0.0,0.0,-0.0,0.0,0.0,0.0,0.0,0.0,-0.0,0.0,0.0,-0.0,0.0,-0.0,-0.0,0.0,0.0,-0.0,0.0,0.0,-0.0,-0.0,-0.0,-0.0,-0.0,0.0,-0.0,-0.0,0.0
-0.0,-0.0,0.0,0.0,-0.0,-0.0,0.0,-0.0,0.0,0.0,0.0,-0.0,0.0,-0.0,0.0,0.0,0.0,0.0,0.0,-0.0,0.0,0.0,-0.0,0.0,-0.0,-0.0,0.0,0.0,-0.0,0.0,0.0,-0.0,-0.0,-0.0,-0.0,-0.0,0.0,-0.0,-0.0,0.0
-0.0,-0.0,0.0,0.0,-0.0,-0.0,0.0,-0.0,0.0,0.0,0.0,-0.0,0.0,-0.0,0.0,0.0,0.0,0.0,0.0,-0.0,0.0,0.0,-0.0,0.0,-0.0,-0.0,0.0,0.0,-0.0,0.0,0.0,-0.0,-0.0,-0.0,-0.0,-0.0,0.0,-0.0,-0.0,0.0
-0.0,-0.0,0.0,0.0,-0.0,-0.0,0.0,-0.0,0.0,0.0,0.0,-0.0,0.0,-0.0,0.0,0.0,0.0,0.0,0.0,-0.0,0.0,0.0,-0.0,0.0,-0.0,-0.0,0.0,0.0,-0.0,0.0,0.0,-0.0,-0.0,-0.0,-0.0,-0.0,0.0,-0.0,-0.0,0.0
-0.0,-0.0,0.0,0.0,-0.0,-0.0,0.0,-0.0,0.0,0.0,0.0,-0.0,0.0,-0.0,0.0,0.0,0.0,0.0,0.0,-0.0,0.0,0.0,-0.0,0.0,-0.0,-0.0,0.0,0.0,-0.0,0.0,0.0,-0.0,-0.0,-0.0,-0.0,-0.0,0.0,-0.0,-0.0,0.0
-0.0,-0.0,0.0,0.0,-0.0,-0.0,0.0,-0.0,0.0,0.0,0.0,-0.0,0.0,-0.0,0.0,0.0,0.0,0.0,0.0,-0.0,0.0,0.0,-0.0,0.0,-0.0,-0.0,0.0,0.0,-0.0,0.0,0.0,-0.0,-0.0,-0.0,-0.0,-0.0,0.0,-0.0,-0.0,0.0
-4.6016528604417672,-0.0,5.4291950159805209,0.0,-0.0,-0.79620573465015831,30.368266456518043,-7.1308509961671662,3.771587937999179,20.93042177548778,14.3992689811049,-10.688004203522302,24.984463271240411,-0.0,11.581359080454034,0.0,2.4123512321349545,0.83601542986682598,0.34371404015069063,-0.0,12.725522096918827,0.0,-0.0,10.767801251455055,-0.0,-18.667308489380325,20.765453816508408,27.175784862781239,-0.0,17.243703881378288,0.0,-0.0,-5.8168641977537998,-13.517554081611662,-8.8364443632722569,-17.105335350629762,0.0,-1.4528072837579877,-0.0,0.0
-0.889136897951742,-0.0,1.0490355881431153,0.0,-0.0,-0.15384382927361157,5.8677929544490217,-1.3778316024211097,0.72875075570625691,4.0442012586955984,2.7822440637999897,-2.0651490216718962,4.8275280304058583,-0.0,2.2377641250130211,0.0,0.46611740528046269,0.16153590644389035,0.066412840062148135,-0.0,2.4588406786044517,0.0,-0.0,2.0805675032080768,-0.0,-3.6069197887652957,4.012325951331742,5.2509378228016796,-0.0,3.3318491949032421,0.0,-0.0,-1.1239414935138852,-2.6118780508934907,-1.7073884033331408,-3.3051134610408499,0.0,-0.28071316998002832,-0.0,0.0
-0.0,-0.0,0.0,0.0,-0.0,-0.0,0.0,-0.0,0.0,0.0,0.0,-0.0,0.0,-0.0,0.0,0.0,0.0,0.0,0.0,-0.0,0.0,0.0,-0.0,0.0,-0.0,-0.0,0.0,0.0,-0.0,0.0,0.0,-0.0,-0.0,-0.0,-0.0,-0.0,0.0,-0.0,-0.0,0.0
-0.0,-0.0,0.0,0.0,-0.0,-0.0,0.0,-0.0,0.0,0.0,0.0,-0.0,0.0,-0.0,0.0,0.0,0.0,0.0,0.0,-0.0,0.0,0.0,-0.0,0.0,-0.0,-0.0,0.0,0.0,-0.0,0.0,0.0,-0.0,-0.0,-0.0,-0.0,-0.0,0.0,-0.0,-0.0,0.0
-0.46700099675713336,-0.0,0.55098451816036309,0.0,-0.0,-0.080803329364934603,3.0819384110644639,-0.723677909640704,0.38276145111774174,2.1241341161839897,1.461316872586625,-1.0846773469805306,2.5355605050988426,-0.0,1.1753399046826587,0.0,0.24481864758202765,0.084843435802906264,0.034881987889539362,-0.0,1.2914558493978823,0.0,-0.0,1.0927755895149087,-0.0,-1.8944609547267321,2.1073922619822887,2.7579478512331508,-0.0,1.7499857430826329,0.0,-0.0,-0.59032731514891368,-1.3718356037019859,-0.89677088876298516,-1.7359433448967823,0.0,-0.1474388595114213,-0.0,0.0
-1.4767934214072573,-0.0,1.7423738222546798,0.0,-0.0,-0.25552370565067006,9.7459885572991851,-2.2884807175924355,1.2104033972178931,6.7171318921158578,4.6211103595345611,-3.430066277146242,8.0181821870015888,-0.0,3.7167677396959866,0.0,0.77418800109110819,0.2682997010999571,0.11030702417894248,-0.0,4.0839602392124492,0.0,-0.0,3.4556752830857937,-0.0,-5.9908383375642451,6.6641892639011067,8.7214358675203094,-0.0,5.5339655608592606,0.0,-0.0,-1.8667872264570451,-4.3381444769226833,-2.8358512256526285,-5.4895594002607844,0.0,-0.46624469604610097,-0.0,0.0
-0.0,-0.0,0.0,0.0,-0.0,-0.0,0.0,-0.0,0.0,0.0,0.0,-0.0,0.0,-0.0,0.0,0.0,0.0,0.0,0.0,-0.0,0.0,0.0,-0.0,0.0,-0.0,-0.0,0.0,0.0,-0.0,0.0,0.0,-0.0,-0.0,-0.0,-0.0,-0.0,0.0,-0.0,-0.0,0.0
-0.0,-0.0,0.0,0.0,-0.0,-0.0,0.0,-0.0,0.0,0.0,0.0,-0.0,0.0,-0.0,0.0,0.0,0.0,0.0,0.0,-0.0,0.0,0.0,-0.0,0.0,-0.0,-0.0,0.0,0.0,-0.0,0.0,0.0,-0.0,-0.0,-0.0,-0.0,-0.0,0.0,-0.0,-0.0,0.0
-1.5214281509646093,-0.0,1.7950354763606673,0.0,-0.0,-0.26324667579116662,10.040552141628785,-2.3576479527969481,1.24698673210209,6.9201510558388071,4.760779190775664,-3.5337368910756592,8.2605244051280433,-0.0,3.8291036429333771,0.0,0.79758712486450623,0.27640881400994238,0.11364095302852502,-0.0,4.2073941996823718,0.0,-0.0,3.5601199057816202,-0.0,-6.171905943326049,6.8656082851409117,8.985033284502034,-0.0,5.7012246050885302,0.0,-0.0,-1.9232091618382503,-4.4692609233405234,-2.9215622334937064,-5.6554763089277875,0.0,-0.48033651526326443,-0.0,0.0
-0.0,-0.0,0.0,0.0,-0.0,-0.0,0.0,-0.0,0.0,0.0,0.0,-0.0,0.0,-0.0,0.0,0.0,0.0,0.0,0.0,-0.0,0.0,0.0,-0.0,0.0,-0.0,-0.0,0.0,0.0,-0.0,0.0,0.0,-0.0,-0.0,-0.0,-0.0,-0.0,0.0,-0.0,-0.0,0.0
-3.0161213264094449,-0.0,3.5585280701427515,0.0,-0.0,-0.52186750485504851,19.904668796940804,-4.6738666338518771,2.4720610526748579,13.718699215771103,9.4379005926246968,-7.005377935419201,16.375892486172315,-0.0,7.5909211691404437,0.0,1.5811588180803871,0.54796049239286215,0.22528497436143557,-0.0,8.3408548515601826,0.0,-0.0,7.0576803548658047,-0.0,-12.235357370281706,13.610572115717721,17.812178965338255,-0.0,11.302265642419929,0.0,-0.0,-3.8126231360243259,-8.8599867010672142,-5.7917859304009642,-11.211572952390609,0.0,-0.95223241834995331,-0.0,0.0
-0.0,-0.0,0.0,0.0,-0.0,-0.0,0.0,-0.0,0.0,0.0,0.0,-0.0,0.0,-0.0,0.0,0.0,0.0,0.0,0.0,-0.0,0.0,0.0,-0.0,0.0,-0.0,-0.0,0.0,0.0,-0.0,0.0,0.0,-0.0,-0.0,-0.0,-0.0,-0.0,0.0,-0.0,-0.0,0.0
-0.0,-0.0,0.0,0.0,-0.0,-0.0,0.0,-0.0,0.0,0.0,0.0,-0.0,0.0,-0.0,0.0,0.0,0.0,0.0,0.0,-0.0,0.0,0.0,-0.0,0.0,-0.0,-0.0,0.0,0.0,-0.0,0.0,0.0,-0.0,-0.0,-0.0,-0.0,-0.0,0.0,-0.0,-0.0,0.0
-0.0,-0.0,0.0,0.0,-0.0,-0.0,0.0,-0.0,0.0,0.0,0.0,-0.0,0.0,-0.0,0.0,0.0,0.0,0.0,0.0,-0.0,0.0,0.0,-0.0,0.0,-0.0,-0.0,0.0,0.0,-0.0,0.0,0.0,-0.0,-0.0,-0.0,-0.0,-0.0,0.0,-0.0,-0.0,0.0
-1.1888872398318302,-0.0,1.402691787671734,0.0,-0.0,-0.20570844149152659,7.8459730842237398,-1.8423331823581661,0.97443090762835072,5.4076029044022231,3.7202082976981505,-2.7613625369421602,6.45500877142939,-0.0,2.9921705196468156,0.0,0.62325726969385209,0.21599371074152965,0.088802273634993725,-0.0,3.2877775225687826,0.0,-0.0,2.7819789751961292,-0.0,-4.8229028868766219,5.3649816317074279,7.0211606211151478,-0.0,4.4550990989009831,0.0,-0.0,-1.5028503518799108,-3.4924076302057139,-2.2829918439283867,-4.4193500788009725,0.0,-0.37534861798088692,-0.0,0.0
-0.57477962786438253,-0.0,0.67814561105090865,0.0,-0.0,-0.099451838229659653,3.7932154862911869,-0.89069471475513373,0.47109853289820863,2.6143606230228533,1.7985725384952373,-1.3350088033636986,3.1207396422459071,-0.0,1.4465952700717406,0.0,0.30132006597116501,0.10442435625654836,0.042932362366554365,-0.0,1.5895094821526337,0.0,-0.0,1.3449760301203602,-0.0,-2.3316814527651242,2.5937549352520883,3.3944515121143581,-0.0,2.153862970661093,0.0,-0.0,-0.72656828759603664,-1.6884399889129222,-1.103735626480602,-2.1365797433026206,0.0,-0.18146610690596829,-0.0,0.0
-1.4180863227345033,-0.0,1.6731090825658639,0.0,-0.0,-0.24536584932262184,9.3585554176311607,-2.1975065424973361,1.1622861245890683,6.4501051576572399,4.4374069532745546,-3.2937105509712001,7.6994346858244347,-0.0,3.5690147450827556,0.0,0.74341163744235372,0.25763395950196422,0.10592197935215812,-0.0,3.9216102088943412,0.0,-0.0,3.3183015198469277,-0.0,-5.7526840146117779,6.3992671623949002,8.3747318609743502,-0.0,5.3139733415525123,0.0,-0.0,-1.7925766697766006,-4.1656898382632859,-2.7231173826436352,-5.2713324629590508,0.0,-0.44771002966714074,-0.0,0.0
-0.51880614393091051,-0.0,0.61210608803276045,0.0,-0.0,-0.08976696841270862,3.4238226341697597,-0.80395662612242724,0.42522177442603504,2.3597676186173477,1.6234230269151222,-1.2050022927228017,2.8168341769898992,-0.0,1.3057221890120516,0.0,0.2719767610698835,0.094255250143817165,0.038751501078761255,-0.0,1.4347190561385021,0.0,-0.0,1.2139988859015158,-0.0,-2.1046164560128089,2.3411685644805211,3.0638912974417667,-0.0,1.9441143843530819,0.0,-0.0,-0.6558132427044272,-1.5240154616498442,-0.99625107873287044,-1.9285142410880078,0.0,-0.16379448159608953,-0.0,0.0
-0.0,-0.0,0.0,0.0,-0.0,-0.0,0.0,-0.0,0.0,0.0,0.0,-0.0,0.0,-0.0,0.0,0.0,0.0,0.0,0.0,-0.0,0.0,0.0,-0.0,0.0,-0.0,-0.0,0.0,0.0,-0.0,0.0,0.0,-0.0,-0.0,-0.0,-0.0,-0.0,0.0,-0.0,-0.0,0.0
-3.2280346769817245,-0.0,3.8085510383325563,0.0,-0.0,-0.55853403101243027,21.303175223011088,-5.0022535358756848,2.6457486082465036,14.682578052756822,10.101009572836753,-7.4975773364582405,17.526466309237779,-0.0,8.1242609671112316,0.0,1.6922513858734753,0.58646031761787831,0.24111354641936247,-0.0,8.926885155697633,0.0,-0.0,7.5535545354473372,-0.0,-13.095016281573676,14.56685391877137,19.063666593666341,-0.0,12.096365322817874,0.0,-0.0,-4.0804988796656243,-9.482491323613063,-6.1987180891181239,-11.99930054435556,0.0,-1.0191364783853321,-0.0,0.0
-1.0181823345584318,-0.0,1.2012880205860117,0.0,-0.0,-0.17617204910521703,6.7194187338637352,-1.5778040488627345,0.83451844981973777,4.6311589233206281,3.1860467861777617,-2.3648757091746258,5.5281743131659846,-0.0,2.5625434128823295,0.0,0.53376764475760041,0.18498052067903215,0.076051708904339987,-0.0,2.8157060495588606,0.0,-0.0,2.3825319616167624,-0.0,-4.130412335322271,4.5946573734004046,6.0130359490845926,-0.0,3.8154191997634759,0.0,-0.0,-1.2870654411140738,-2.9909545960435429,-1.9551912810147312,-3.784803158540968,0.0,-0.32145465047056893,-0.0,0.0
-1.6515336012925763,-0.0,1.9485385509938737,0.0,-0.0,-0.2857583055907304,10.89917340290873,-2.5592630263835496,1.353623230335858,7.5119301476655416,5.1678988566863886,-3.835925613732365,8.9669259837980224,-0.0,4.1565507547147957,0.0,0.8657930614974606,0.30004600857518177,0.12335899811668871,-0.0,4.5671909582147334,0.0,-0.0,3.8645647809928532,-0.0,-6.6996985976352113,7.4527231332179271,9.7533914885688802,-0.0,6.1887667832687105,0.0,-0.0,-2.0876730531611458,-4.8514513045923362,-3.1714006302716835,-6.1391063058656545,0.0,-0.52141265716827057,-0.0,0.0
-0.31289287106906377,-0.0,0.36916222663108772,0.0,-0.0,-0.054138611892689467,2.0649132755437929,-0.48486761366485159,0.25645197806092679,1.4231798791945613,0.97908919891038781,-0.72673893982460591,1.6988375008164989,-0.0,0.78748328121759936,0.0,0.16402964889820837,0.056845502266756429,0.02337109645406248,-0.0,0.86528151199469039,0.0,-0.0,0.73216480052895239,-0.0,-1.2692977774541174,1.4119627578938243,1.8478380719171654,-0.0,1.1724987040398436,0.0,-0.0,-0.39552208622692675,-0.91913632659825839,-0.60084072630391105,-1.1630902310053612,0.0,-0.098784731467432968,-0.0,0.0
-0.1276365395390672,-0.0,0.15059016517295015,0.0,-0.0,-0.022084443962631026,0.84232786780404389,-0.19778917982790004,0.10461293964866497,0.58054935640232785,0.39939406999597532,-0.29645432032559427,0.69299674071370643,-0.0,0.32123340048006049,0.0,0.066911645176327181,0.023188649753824196,0.009533633241429364,-0.0,0.35296917293381463,0.0,-0.0,0.2986676596131197,-0.0,-0.51777714016089849,0.57597362240901484,0.75377766301358229,-0.0,0.47829046627481003,0.0,-0.0,-0.16134298689769294,-0.37493784914568079,-0.24509740620662351,-0.47445252347871841,0.0,-0.040296671639463794,-0.0,0.0
7.3042094453862886e-157,2.0985746924567574e-135,40.28842485261972,-40.28842485261972
0.0,0.0,0.0,-0.0
9.3184545968073704e-157,2.6772880947464505e-135,51.398561414905849,-51.398561414905849
0.0,0.0,0.0,-0.0
0.0,0.0,0.0,-0.0
4.7401964428977988e-158,1.3619073175156979e-136,2.6145888833592097,-2.6145888833592097
9.8166078977292961e-159,2.8204126749073989e-137,0.54146266280071587,-0.54146266280071587
2.6448563380778478e-157,7.5989449888789249e-136,14.588450210711201,-14.588450210711201
1.7511743436073387e-158,5.0313044649824949e-137,0.96590954125534023,-0.96590954125534023
2.3489002454672089e-157,6.748632616711962e-136,12.956021008622775,-12.956021008622775
5.9743838318024741e-157,1.7165020809148545e-135,32.95339705795508,-32.95339705795508
1.0463526732012874e-156,3.0062791268283087e-135,57.714529352982403,-57.714529352982403
7.0372653770869229e-158,2.0218789089879046e-136,3.8816019643548829,-3.8816019643548829
0.0,0.0,0.0,-0.0
1.0395956748419462e-157,2.9868655737806999e-136,5.7341828073446202,-5.7341828073446202
0.0,0.0,0.0,-0.0
8.3295186535110957e-158,2.3931566006292721e-136,4.5943806628169384,-4.5943806628169384
7.4990272117132628e-157,2.1545478456243442e-135,41.362997124582336,-41.362997124582336
3.1747602862978267e-157,9.121413674206379e-136,17.51128471547095,-17.51128471547095
0.0,0.0,0.0,-0.0
6.5612276205279684e-157,1.8851083527712379e-135,36.190299293449968,-36.190299293449968
0.0,0.0,0.0,-0.0
0.0,0.0,0.0,-0.0
3.5341197678914792e-157,1.015389052088713e-135,19.493433170757555,-19.493433170757555
0.0,0.0,0.0,-0.0
3.8430305676826684e-157,1.1041423102634012e-135,21.197317709749136,-21.197317709749136
5.2867664065330203e-157,1.5189425041321496e-135,29.160649441329863,-29.160649441329863
7.261060131219104e-157,2.0861774495538561e-135,40.050422654809694,-40.050422654809694
0.0,0.0,0.0,-0.0
3.1742367960099421e-157,9.1199096326285533e-136,17.508397257316552,-17.508397257316552
0.0,0.0,0.0,-0.0
0.0,0.0,0.0,-0.0
3.5815303457477287e-157,1.0290105999903441e-135,19.754939568878065,-19.754939568878065
2.2314362767549169e-157,6.4111465220725836e-136,12.308115398612523,-12.308115398612523
4.3518974630287482e-158,1.2503450165777528e-136,2.4004116423070014,-2.4004116423070014
3.2551284052078492e-157,9.3523195671520725e-136,17.954577715687158,-17.954577715687158
0.0,0.0,0.0,-0.0
4.1102300302005275e-157,1.1809114711247752e-135,22.671131617578805,-22.671131617578805
0.0,0.0,0.0,-0.0
0.0,0.0,0.0,-0.0
